"","","","","//==================================
// AYAKO.STR
//==================================","","","",""
"string","AYAKO-0",,,,,,,
"string","AYAKO-1",,,,,,,
"string","AYAKO-2",,,,,,,
"string","AYAKO-3",,,,,,,
"string","AYAKO-4",,,,,,,
"string","AYAKO-5",,,,,,,
"string","AYAKO-6",,,,,,,
"string","AYAKO-7",,,,,,,
"string","AYAKO-8",,,,,,,
"string","AYAKO-9",,,,,,,
"string","AYAKO-10",,,,,,,
"string","AYAKO-11",,,,,,,
"string","AYAKO-12",,,,,,,
"string","AYAKO-13",,,,,,,
"string","AYAKO-14",,,,,,,
"string","AYAKO-15",,,,,,,
"string","AYAKO-16",,,,,,,
"string","AYAKO-17",,,,,,,
"string","AYAKO-18",,,,,,,
"string","AYAKO-19",,,,,,,
"string","AYAKO-20",,,,,,,
"string","AYAKO-21",,,,,,,
"string","AYAKO-22",,,,,,,
"string","AYAKO-23",,,,,,,
"string","AYAKO-24",,,,,,,
"string","AYAKO-25",,,,,,,
"string","AYAKO-26",,,,,,,
"string","AYAKO-27",,,,,,,
"string","AYAKO-28",,,,,,,
"string","AYAKO-29",,,,,,,
"string","AYAKO-30",,,,,,,
"string","AYAKO-31",,,,,,,
"string","AYAKO-32",,,,,,,
"string","AYAKO-33",,,,,,,
"string","AYAKO-34",,,,,,,
"string","AYAKO-35",,,,,,,
"string","AYAKO-36",,,,,,,
"string","AYAKO-37",,,,,,,
"string","AYAKO-38",,,,,,,
"string","AYAKO-39",,,,,,,
"string","AYAKO-40",,,,,,,
"string","AYAKO-41",,,,,,,
"string","AYAKO-42",,,,,,,
"string","AYAKO-43",,,,,,,
"string","AYAKO-44",,,,,,,
"string","AYAKO-45",,,,,,,
"string","AYAKO-46",,,,,,,
"string","AYAKO-47",,,,,,,
"string","AYAKO-48",,,,,,,
"string","AYAKO-49",,,,,,,
"string","AYAKO-50",,,,,,,
"string","AYAKO-51",,,,,,,
"string","AYAKO-52",,,,,,,
"string","AYAKO-53",,,,,,,
"string","AYAKO-54",,,,,,,
"string","AYAKO-55",,,,,,,
"string","AYAKO-56",,,,,,,
"string","AYAKO-57",,,,,,,
"string","AYAKO-58",,,,,,,
"string","AYAKO-59",,,,,,,
"string","AYAKO-60",,,,,,,
"string","AYAKO-61",,,,,,,
"string","AYAKO-62",,,,,,,
"string","AYAKO-63",,,,,,,
"string","AYAKO-64",,,,,,,
"string","AYAKO-65",,,,,,,
"string","AYAKO-66",,,,,,,
"string","AYAKO-67",,,,,,,
"string","AYAKO-68",,,,,,,
"string","AYAKO-69",,,,,,,
"string","AYAKO-70",,,,,,,
"string","AYAKO-71",,,,,,,
"string","AYAKO-72",,,,,,,
"string","AYAKO-73",,,,,,,
"string","AYAKO-74",,,,,,,
"string","AYAKO-75",,,,,,,
"string","AYAKO-76",,,,,,,
"string","AYAKO-77",,,,,,,
"string","AYAKO-78",,,,,,,
"string","AYAKO-79",,,,,,,
"string","AYAKO-80",,,,,,,
"string","AYAKO-81",,,,,,,
"string","AYAKO-82",,,,,,,
"string","AYAKO-83",,,,,,,
"string","AYAKO-84",,,,,,,
"string","AYAKO-85",,,,,,,
"string","AYAKO-86",,,,,,,
"string","AYAKO-87",,,,,,,
"string","AYAKO-88",,,,,,,
"string","AYAKO-89",,,,,,,
"string","AYAKO-90",,,,,,,
"string","AYAKO-91",,,,,,,
"string","AYAKO-92",,,,,,,
"string","AYAKO-93",,,,,,,
"string","AYAKO-94",,,,,,,
"string","AYAKO-95",,,,,,,
"string","AYAKO-96",,,,,,,
"string","AYAKO-97",,,,,,,
"string","AYAKO-98",,,,,,,
"string","AYAKO-99",,,,,,,
"","","","","//==================================
// EF.STR
//==================================","","","",""
"string","EF-0",,,,,,,
"string","EF-1",,,,,,,
"string","EF-2",,,,,,,
"string","EF-3",,,,,,,
"string","EF-4",,,,,,,
"string","EF-5",,,,,,,
"string","EF-6",,,,,,,
"string","EF-7",,,,,,,
"string","EF-8",,,,,,,
"string","EF-9",,,,,,,
"string","EF-10",,,,,,,
"string","EF-11",,,,,,,
"string","EF-12",,,,,,,
"string","EF-13",,,,,,,
"string","EF-14",,,,,,,
"string","EF-15",,,,,,,
"string","EF-16",,,,,,,
"string","EF-17",,,,,,,
"string","EF-18",,,,,,,
"string","EF-19",,,,,,,
"string","EF-20",,,,,,,
"string","EF-21",,,,,,,
"string","EF-22",,,,,,,
"string","EF-23",,,,,,,
"string","EF-24",,,,,,,
"string","EF-25",,,,,,,
"string","EF-26",,,,,,,
"string","EF-27",,,,,,,
"string","EF-28",,,,,,,
"string","EF-29",,,,,,,
"string","EF-30",,,,,,,
"string","EF-31",,,,,,,
"string","EF-32",,,,,,,
"string","EF-33",,,,,,,
"string","EF-34",,,,,,,
"string","EF-35",,,,,,,
"string","EF-36",,,,,,,
"string","EF-37",,,,,,,
"string","EF-38",,,,,,,
"string","EF-39",,,,,,,
"string","EF-40",,,,,,,
"string","EF-41",,,,,,,
"string","EF-42",,,,,,,
"string","EF-43",,,,,,,
"string","EF-44",,,,,,,
"string","EF-45",,,,,,,
"string","EF-46",,,,,,,
"string","EF-47",,,,,,,
"string","EF-48",,,,,,,
"string","EF-49",,,,,,,
"string","EF-50",,,,,,,
"string","EF-51",,,,,,,
"string","EF-52",,,,,,,
"string","EF-53",,,,,,,
"string","EF-54",,,,,,,
"string","EF-55",,,,,,,
"string","EF-56",,,,,,,
"string","EF-57",,,,,,,
"string","EF-58",,,,,,,
"string","EF-59",,,,,,,
"string","EF-60",,,,,,,
"string","EF-61",,,,,,,
"string","EF-62",,,,,,,
"string","EF-63",,,,,,,
"string","EF-64",,,,,,,
"string","EF-65",,,,,,,
"string","EF-66",,,,,,,
"string","EF-67",,,,,,,
"string","EF-68",,,,,,,
"string","EF-69",,,,,,,
"string","EF-70",,,,,,,
"string","EF-71",,,,,,,
"string","EF-72",,,,,,,
"string","EF-73",,,,,,,
"string","EF-74",,,,,,,
"string","EF-75",,,,,,,
"string","EF-76",,,,,,,
"string","EF-77",,,,,,,
"string","EF-78",,,,,,,
"string","EF-79",,,,,,,
"string","EF-80",,,,,,,
"string","EF-81",,,,,,,
"string","EF-82",,,,,,,
"string","EF-83",,,,,,,
"string","EF-84",,,,,,,
"string","EF-85",,,,,,,
"string","EF-86",,,,,,,
"string","EF-87",,,,,,,
"string","EF-88",,,,,,,
"string","EF-89",,,,,,,
"string","EF-90",,,,,,,
"string","EF-91",,,,,,,
"string","EF-92",,,,,,,
"string","EF-93",,,,,,,
"string","EF-94",,,,,,,
"string","EF-95",,,,,,,
"string","EF-96",,,,,,,
"string","EF-97",,,,,,,
"string","EF-98",,,,,,,
"string","EF-99",,,,,,,
"","","","","//==================================
// EPILOGUE.STR
//==================================","","","",""
"string","EPILOGUE-0",,,,,,,
"string","EPILOGUE-1",,,,,,,
"string","EPILOGUE-2",,,,,,,
"string","EPILOGUE-3",,,,,,,
"string","EPILOGUE-4",,,,,,,
"string","EPILOGUE-5",,,,,,,
"string","EPILOGUE-6",,,,,,,
"string","EPILOGUE-7",,,,,,,
"string","EPILOGUE-8",,,,,,,
"string","EPILOGUE-9",,,,,,,
"string","EPILOGUE-10",,,,,,,
"string","EPILOGUE-11",,,,,,,
"string","EPILOGUE-12",,,,,,,
"string","EPILOGUE-13",,,,,,,
"string","EPILOGUE-14",,,,,,,
"string","EPILOGUE-15",,,,,,,
"string","EPILOGUE-16",,,,,,,
"string","EPILOGUE-17",,,,,,,
"string","EPILOGUE-18",,,,,,,
"string","EPILOGUE-19",,,,,,,
"string","EPILOGUE-20",,,,,,,
"string","EPILOGUE-21",,,,,,,
"string","EPILOGUE-22",,,,,,,
"string","EPILOGUE-23",,,,,,,
"string","EPILOGUE-24",,,,,,,
"string","EPILOGUE-25",,,,,,,
"string","EPILOGUE-26",,,,,,,
"string","EPILOGUE-27",,,,,,,
"string","EPILOGUE-28",,,,,,,
"string","EPILOGUE-29",,,,,,,
"string","EPILOGUE-30",,,,,,,
"string","EPILOGUE-31",,,,,,,
"string","EPILOGUE-32",,,,,,,
"string","EPILOGUE-33",,,,,,,
"string","EPILOGUE-34",,,,,,,
"string","EPILOGUE-35",,,,,,,
"string","EPILOGUE-36",,,,,,,
"string","EPILOGUE-37",,,,,,,
"string","EPILOGUE-38",,,,,,,
"string","EPILOGUE-39",,,,,,,
"string","EPILOGUE-40",,,,,,,
"string","EPILOGUE-41",,,,,,,
"string","EPILOGUE-42",,,,,,,
"string","EPILOGUE-43",,,,,,,
"string","EPILOGUE-44",,,,,,,
"string","EPILOGUE-45",,,,,,,
"string","EPILOGUE-46",,,,,,,
"string","EPILOGUE-47",,,,,,,
"string","EPILOGUE-48",,,,,,,
"string","EPILOGUE-49",,,,,,,
"string","EPILOGUE-50",,,,,,,
"string","EPILOGUE-51",,,,,,,
"string","EPILOGUE-52",,,,,,,
"string","EPILOGUE-53",,,,,,,
"string","EPILOGUE-54",,,,,,,
"string","EPILOGUE-55",,,,,,,
"string","EPILOGUE-56",,,,,,,
"string","EPILOGUE-57",,,,,,,
"string","EPILOGUE-58",,,,,,,
"string","EPILOGUE-59",,,,,,,
"string","EPILOGUE-60",,,,,,,
"string","EPILOGUE-61",,,,,,,
"string","EPILOGUE-62",,,,,,,
"string","EPILOGUE-63",,,,,,,
"string","EPILOGUE-64",,,,,,,
"string","EPILOGUE-65",,,,,,,
"string","EPILOGUE-66",,,,,,,
"string","EPILOGUE-67",,,,,,,
"string","EPILOGUE-68",,,,,,,
"string","EPILOGUE-69",,,,,,,
"string","EPILOGUE-70",,,,,,,
"string","EPILOGUE-71",,,,,,,
"string","EPILOGUE-72",,,,,,,
"string","EPILOGUE-73",,,,,,,
"string","EPILOGUE-74",,,,,,,
"string","EPILOGUE-75",,,,,,,
"string","EPILOGUE-76",,,,,,,
"string","EPILOGUE-77",,,,,,,
"string","EPILOGUE-78",,,,,,,
"string","EPILOGUE-79",,,,,,,
"string","EPILOGUE-80",,,,,,,
"string","EPILOGUE-81",,,,,,,
"string","EPILOGUE-82",,,,,,,
"string","EPILOGUE-83",,,,,,,
"string","EPILOGUE-84",,,,,,,
"string","EPILOGUE-85",,,,,,,
"string","EPILOGUE-86",,,,,,,
"string","EPILOGUE-87",,,,,,,
"string","EPILOGUE-88",,,,,,,
"string","EPILOGUE-89",,,,,,,
"string","EPILOGUE-90",,,,,,,
"string","EPILOGUE-91",,,,,,,
"string","EPILOGUE-92",,,,,,,
"string","EPILOGUE-93",,,,,,,
"string","EPILOGUE-94",,,,,,,
"string","EPILOGUE-95",,,,,,,
"string","EPILOGUE-96",,,,,,,
"string","EPILOGUE-97",,,,,,,
"string","EPILOGUE-98",,,,,,,
"string","EPILOGUE-99",,,,,,,
"","","","","//==================================
// ERIKA.STR
//==================================","","","",""
"string","ERIKA-0",,,,,,,
"string","ERIKA-1",,,,,,,
"string","ERIKA-2",,,,,,,
"string","ERIKA-3",,,,,,,
"string","ERIKA-4",,,,,,,
"string","ERIKA-5",,,,,,,
"string","ERIKA-6",,,,,,,
"string","ERIKA-7",,,,,,,
"string","ERIKA-8",,,,,,,
"string","ERIKA-9",,,,,,,
"string","ERIKA-10",,,,,,,
"string","ERIKA-11",,,,,,,
"string","ERIKA-12",,,,,,,
"string","ERIKA-13",,,,,,,
"string","ERIKA-14",,,,,,,
"string","ERIKA-15",,,,,,,
"string","ERIKA-16",,,,,,,
"string","ERIKA-17",,,,,,,
"string","ERIKA-18",,,,,,,
"string","ERIKA-19",,,,,,,
"string","ERIKA-20",,,,,,,
"string","ERIKA-21",,,,,,,
"string","ERIKA-22",,,,,,,
"string","ERIKA-23",,,,,,,
"string","ERIKA-24",,,,,,,
"string","ERIKA-25",,,,,,,
"string","ERIKA-26",,,,,,,
"string","ERIKA-27",,,,,,,
"string","ERIKA-28",,,,,,,
"string","ERIKA-29",,,,,,,
"string","ERIKA-30",,,,,,,
"string","ERIKA-31",,,,,,,
"string","ERIKA-32",,,,,,,
"string","ERIKA-33",,,,,,,
"string","ERIKA-34",,,,,,,
"string","ERIKA-35",,,,,,,
"string","ERIKA-36",,,,,,,
"string","ERIKA-37",,,,,,,
"string","ERIKA-38",,,,,,,
"string","ERIKA-39",,,,,,,
"string","ERIKA-40",,,,,,,
"string","ERIKA-41",,,,,,,
"string","ERIKA-42",,,,,,,
"string","ERIKA-43",,,,,,,
"string","ERIKA-44",,,,,,,
"string","ERIKA-45",,,,,,,
"string","ERIKA-46",,,,,,,
"string","ERIKA-47",,,,,,,
"string","ERIKA-48",,,,,,,
"string","ERIKA-49",,,,,,,
"string","ERIKA-50",,,,,,,
"string","ERIKA-51",,,,,,,
"string","ERIKA-52",,,,,,,
"string","ERIKA-53",,,,,,,
"string","ERIKA-54",,,,,,,
"string","ERIKA-55",,,,,,,
"string","ERIKA-56",,,,,,,
"string","ERIKA-57",,,,,,,
"string","ERIKA-58",,,,,,,
"string","ERIKA-59",,,,,,,
"string","ERIKA-60",,,,,,,
"string","ERIKA-61",,,,,,,
"string","ERIKA-62",,,,,,,
"string","ERIKA-63",,,,,,,
"string","ERIKA-64",,,,,,,
"string","ERIKA-65",,,,,,,
"string","ERIKA-66",,,,,,,
"string","ERIKA-67",,,,,,,
"string","ERIKA-68",,,,,,,
"string","ERIKA-69",,,,,,,
"string","ERIKA-70",,,,,,,
"string","ERIKA-71",,,,,,,
"string","ERIKA-72",,,,,,,
"string","ERIKA-73",,,,,,,
"string","ERIKA-74",,,,,,,
"string","ERIKA-75",,,,,,,
"string","ERIKA-76",,,,,,,
"string","ERIKA-77",,,,,,,
"string","ERIKA-78",,,,,,,
"string","ERIKA-79",,,,,,,
"string","ERIKA-80",,,,,,,
"string","ERIKA-81",,,,,,,
"string","ERIKA-82",,,,,,,
"string","ERIKA-83",,,,,,,
"string","ERIKA-84",,,,,,,
"string","ERIKA-85",,,,,,,
"string","ERIKA-86",,,,,,,
"string","ERIKA-87",,,,,,,
"string","ERIKA-88",,,,,,,
"string","ERIKA-89",,,,,,,
"string","ERIKA-90",,,,,,,
"string","ERIKA-91",,,,,,,
"string","ERIKA-92",,,,,,,
"string","ERIKA-93",,,,,,,
"string","ERIKA-94",,,,,,,
"string","ERIKA-95",,,,,,,
"string","ERIKA-96",,,,,,,
"string","ERIKA-97",,,,,,,
"string","ERIKA-98",,,,,,,
"string","ERIKA-99",,,,,,,
"","","","","//==================================
// HENKEI.STR
//==================================","","","",""
"string","HENKEI-0",,,,,,,
"string","HENKEI-1",,,,,,,
"string","HENKEI-2",,,,,,,
"string","HENKEI-3",,,,,,,
"string","HENKEI-4",,,,,,,
"string","HENKEI-5",,,,,,,
"string","HENKEI-6",,,,,,,
"string","HENKEI-7",,,,,,,
"string","HENKEI-8",,,,,,,
"string","HENKEI-9",,,,,,,
"string","HENKEI-10",,,,,,,
"string","HENKEI-11",,,,,,,
"string","HENKEI-12",,,,,,,
"string","HENKEI-13",,,,,,,
"string","HENKEI-14",,,,,,,
"string","HENKEI-15",,,,,,,
"string","HENKEI-16",,,,,,,
"string","HENKEI-17",,,,,,,
"string","HENKEI-18",,,,,,,
"string","HENKEI-19",,,,,,,
"string","HENKEI-20",,,,,,,
"string","HENKEI-21",,,,,,,
"string","HENKEI-22",,,,,,,
"string","HENKEI-23",,,,,,,
"string","HENKEI-24",,,,,,,
"string","HENKEI-25",,,,,,,
"string","HENKEI-26",,,,,,,
"string","HENKEI-27",,,,,,,
"string","HENKEI-28",,,,,,,
"string","HENKEI-29",,,,,,,
"string","HENKEI-30",,,,,,,
"string","HENKEI-31",,,,,,,
"string","HENKEI-32",,,,,,,
"string","HENKEI-33",,,,,,,
"string","HENKEI-34",,,,,,,
"string","HENKEI-35",,,,,,,
"string","HENKEI-36",,,,,,,
"string","HENKEI-37",,,,,,,
"string","HENKEI-38",,,,,,,
"string","HENKEI-39",,,,,,,
"string","HENKEI-40",,,,,,,
"string","HENKEI-41",,,,,,,
"string","HENKEI-42",,,,,,,
"string","HENKEI-43",,,,,,,
"string","HENKEI-44",,,,,,,
"string","HENKEI-45",,,,,,,
"string","HENKEI-46",,,,,,,
"string","HENKEI-47",,,,,,,
"string","HENKEI-48",,,,,,,
"string","HENKEI-49",,,,,,,
"string","HENKEI-50",,,,,,,
"string","HENKEI-51",,,,,,,
"string","HENKEI-52",,,,,,,
"string","HENKEI-53",,,,,,,
"string","HENKEI-54",,,,,,,
"string","HENKEI-55",,,,,,,
"string","HENKEI-56",,,,,,,
"string","HENKEI-57",,,,,,,
"string","HENKEI-58",,,,,,,
"string","HENKEI-59",,,,,,,
"string","HENKEI-60",,,,,,,
"string","HENKEI-61",,,,,,,
"string","HENKEI-62",,,,,,,
"string","HENKEI-63",,,,,,,
"string","HENKEI-64",,,,,,,
"string","HENKEI-65",,,,,,,
"string","HENKEI-66",,,,,,,
"string","HENKEI-67",,,,,,,
"string","HENKEI-68",,,,,,,
"string","HENKEI-69",,,,,,,
"string","HENKEI-70",,,,,,,
"string","HENKEI-71",,,,,,,
"string","HENKEI-72",,,,,,,
"string","HENKEI-73",,,,,,,
"string","HENKEI-74",,,,,,,
"string","HENKEI-75",,,,,,,
"string","HENKEI-76",,,,,,,
"string","HENKEI-77",,,,,,,
"string","HENKEI-78",,,,,,,
"string","HENKEI-79",,,,,,,
"string","HENKEI-80",,,,,,,
"string","HENKEI-81",,,,,,,
"string","HENKEI-82",,,,,,,
"string","HENKEI-83",,,,,,,
"string","HENKEI-84",,,,,,,
"string","HENKEI-85",,,,,,,
"string","HENKEI-86",,,,,,,
"string","HENKEI-87",,,,,,,
"string","HENKEI-88",,,,,,,
"string","HENKEI-89",,,,,,,
"string","HENKEI-90",,,,,,,
"string","HENKEI-91",,,,,,,
"string","HENKEI-92",,,,,,,
"string","HENKEI-93",,,,,,,
"string","HENKEI-94",,,,,,,
"string","HENKEI-95",,,,,,,
"string","HENKEI-96",,,,,,,
"string","HENKEI-97",,,,,,,
"string","HENKEI-98",,,,,,,
"string","HENKEI-99",,,,,,,
"","","","","//==================================
// HENSIN.STR
//==================================","","","",""
"string","HENSIN-0",,,,,,,
"string","HENSIN-1",,,,,,,
"string","HENSIN-2",,,,,,,
"string","HENSIN-3",,,,,,,
"string","HENSIN-4",,,,,,,
"string","HENSIN-5",,,,,,,
"string","HENSIN-6",,,,,,,
"string","HENSIN-7",,,,,,,
"string","HENSIN-8",,,,,,,
"string","HENSIN-9",,,,,,,
"string","HENSIN-10",,,,,,,
"string","HENSIN-11",,,,,,,
"string","HENSIN-12",,,,,,,
"string","HENSIN-13",,,,,,,
"string","HENSIN-14",,,,,,,
"string","HENSIN-15",,,,,,,
"string","HENSIN-16",,,,,,,
"string","HENSIN-17",,,,,,,
"string","HENSIN-18",,,,,,,
"string","HENSIN-19",,,,,,,
"string","HENSIN-20",,,,,,,
"string","HENSIN-21",,,,,,,
"string","HENSIN-22",,,,,,,
"string","HENSIN-23",,,,,,,
"string","HENSIN-24",,,,,,,
"string","HENSIN-25",,,,,,,
"string","HENSIN-26",,,,,,,
"string","HENSIN-27",,,,,,,
"string","HENSIN-28",,,,,,,
"string","HENSIN-29",,,,,,,
"string","HENSIN-30",,,,,,,
"string","HENSIN-31",,,,,,,
"string","HENSIN-32",,,,,,,
"string","HENSIN-33",,,,,,,
"string","HENSIN-34",,,,,,,
"string","HENSIN-35",,,,,,,
"string","HENSIN-36",,,,,,,
"string","HENSIN-37",,,,,,,
"string","HENSIN-38",,,,,,,
"string","HENSIN-39",,,,,,,
"string","HENSIN-40",,,,,,,
"string","HENSIN-41",,,,,,,
"string","HENSIN-42",,,,,,,
"string","HENSIN-43",,,,,,,
"string","HENSIN-44",,,,,,,
"string","HENSIN-45",,,,,,,
"string","HENSIN-46",,,,,,,
"string","HENSIN-47",,,,,,,
"string","HENSIN-48",,,,,,,
"string","HENSIN-49",,,,,,,
"string","HENSIN-50",,,,,,,
"string","HENSIN-51",,,,,,,
"string","HENSIN-52",,,,,,,
"string","HENSIN-53",,,,,,,
"string","HENSIN-54",,,,,,,
"string","HENSIN-55",,,,,,,
"string","HENSIN-56",,,,,,,
"string","HENSIN-57",,,,,,,
"string","HENSIN-58",,,,,,,
"string","HENSIN-59",,,,,,,
"string","HENSIN-60",,,,,,,
"string","HENSIN-61",,,,,,,
"string","HENSIN-62",,,,,,,
"string","HENSIN-63",,,,,,,
"string","HENSIN-64",,,,,,,
"string","HENSIN-65",,,,,,,
"string","HENSIN-66",,,,,,,
"string","HENSIN-67",,,,,,,
"string","HENSIN-68",,,,,,,
"string","HENSIN-69",,,,,,,
"string","HENSIN-70",,,,,,,
"string","HENSIN-71",,,,,,,
"string","HENSIN-72",,,,,,,
"string","HENSIN-73",,,,,,,
"string","HENSIN-74",,,,,,,
"string","HENSIN-75",,,,,,,
"string","HENSIN-76",,,,,,,
"string","HENSIN-77",,,,,,,
"string","HENSIN-78",,,,,,,
"string","HENSIN-79",,,,,,,
"string","HENSIN-80",,,,,,,
"string","HENSIN-81",,,,,,,
"string","HENSIN-82",,,,,,,
"string","HENSIN-83",,,,,,,
"string","HENSIN-84",,,,,,,
"string","HENSIN-85",,,,,,,
"string","HENSIN-86",,,,,,,
"string","HENSIN-87",,,,,,,
"string","HENSIN-88",,,,,,,
"string","HENSIN-89",,,,,,,
"string","HENSIN-90",,,,,,,
"string","HENSIN-91",,,,,,,
"string","HENSIN-92",,,,,,,
"string","HENSIN-93",,,,,,,
"string","HENSIN-94",,,,,,,
"string","HENSIN-95",,,,,,,
"string","HENSIN-96",,,,,,,
"string","HENSIN-97",,,,,,,
"string","HENSIN-98",,,,,,,
"string","HENSIN-99",,,,,,,
"","","","","//==================================
// KOUTEI.STR
//==================================","","","",""
"string","KOUTEI-0",,,,,,,
"string","KOUTEI-1",,,,,,,
"string","KOUTEI-2",,,,,,,
"string","KOUTEI-3",,,,,,,
"string","KOUTEI-4",,,,,,,
"string","KOUTEI-5",,,,,,,
"string","KOUTEI-6",,,,,,,
"string","KOUTEI-7",,,,,,,
"string","KOUTEI-8",,,,,,,
"string","KOUTEI-9",,,,,,,
"string","KOUTEI-10",,,,,,,
"string","KOUTEI-11",,,,,,,
"string","KOUTEI-12",,,,,,,
"string","KOUTEI-13",,,,,,,
"string","KOUTEI-14",,,,,,,
"string","KOUTEI-15",,,,,,,
"string","KOUTEI-16",,,,,,,
"string","KOUTEI-17",,,,,,,
"string","KOUTEI-18",,,,,,,
"string","KOUTEI-19",,,,,,,
"string","KOUTEI-20",,,,,,,
"string","KOUTEI-21",,,,,,,
"string","KOUTEI-22",,,,,,,
"string","KOUTEI-23",,,,,,,
"string","KOUTEI-24",,,,,,,
"string","KOUTEI-25",,,,,,,
"string","KOUTEI-26",,,,,,,
"string","KOUTEI-27",,,,,,,
"string","KOUTEI-28",,,,,,,
"string","KOUTEI-29",,,,,,,
"string","KOUTEI-30",,,,,,,
"string","KOUTEI-31",,,,,,,
"string","KOUTEI-32",,,,,,,
"string","KOUTEI-33",,,,,,,
"string","KOUTEI-34",,,,,,,
"string","KOUTEI-35",,,,,,,
"string","KOUTEI-36",,,,,,,
"string","KOUTEI-37",,,,,,,
"string","KOUTEI-38",,,,,,,
"string","KOUTEI-39",,,,,,,
"string","KOUTEI-40",,,,,,,
"string","KOUTEI-41",,,,,,,
"string","KOUTEI-42",,,,,,,
"string","KOUTEI-43",,,,,,,
"string","KOUTEI-44",,,,,,,
"string","KOUTEI-45",,,,,,,
"string","KOUTEI-46",,,,,,,
"string","KOUTEI-47",,,,,,,
"string","KOUTEI-48",,,,,,,
"string","KOUTEI-49",,,,,,,
"string","KOUTEI-50",,,,,,,
"string","KOUTEI-51",,,,,,,
"string","KOUTEI-52",,,,,,,
"string","KOUTEI-53",,,,,,,
"string","KOUTEI-54",,,,,,,
"string","KOUTEI-55",,,,,,,
"string","KOUTEI-56",,,,,,,
"string","KOUTEI-57",,,,,,,
"string","KOUTEI-58",,,,,,,
"string","KOUTEI-59",,,,,,,
"string","KOUTEI-60",,,,,,,
"string","KOUTEI-61",,,,,,,
"string","KOUTEI-62",,,,,,,
"string","KOUTEI-63",,,,,,,
"string","KOUTEI-64",,,,,,,
"string","KOUTEI-65",,,,,,,
"string","KOUTEI-66",,,,,,,
"string","KOUTEI-67",,,,,,,
"string","KOUTEI-68",,,,,,,
"string","KOUTEI-69",,,,,,,
"string","KOUTEI-70",,,,,,,
"string","KOUTEI-71",,,,,,,
"string","KOUTEI-72",,,,,,,
"string","KOUTEI-73",,,,,,,
"string","KOUTEI-74",,,,,,,
"string","KOUTEI-75",,,,,,,
"string","KOUTEI-76",,,,,,,
"string","KOUTEI-77",,,,,,,
"string","KOUTEI-78",,,,,,,
"string","KOUTEI-79",,,,,,,
"string","KOUTEI-80",,,,,,,
"string","KOUTEI-81",,,,,,,
"string","KOUTEI-82",,,,,,,
"string","KOUTEI-83",,,,,,,
"string","KOUTEI-84",,,,,,,
"string","KOUTEI-85",,,,,,,
"string","KOUTEI-86",,,,,,,
"string","KOUTEI-87",,,,,,,
"string","KOUTEI-88",,,,,,,
"string","KOUTEI-89",,,,,,,
"string","KOUTEI-90",,,,,,,
"string","KOUTEI-91",,,,,,,
"string","KOUTEI-92",,,,,,,
"string","KOUTEI-93",,,,,,,
"string","KOUTEI-94",,,,,,,
"string","KOUTEI-95",,,,,,,
"string","KOUTEI-96",,,,,,,
"string","KOUTEI-97",,,,,,,
"string","KOUTEI-98",,,,,,,
"string","KOUTEI-99",,,,,,,
"","","","","//==================================
// MEIKUI.STR
//==================================","","","",""
"string","MEIKUI-0",,,,,,,
"string","MEIKUI-1",,,,,,,
"string","MEIKUI-2",,,,,,,
"string","MEIKUI-3",,,,,,,
"string","MEIKUI-4",,,,,,,
"string","MEIKUI-5",,,,,,,
"string","MEIKUI-6",,,,,,,
"string","MEIKUI-7",,,,,,,
"string","MEIKUI-8",,,,,,,
"string","MEIKUI-9",,,,,,,
"string","MEIKUI-10",,,,,,,
"string","MEIKUI-11",,,,,,,
"string","MEIKUI-12",,,,,,,
"string","MEIKUI-13",,,,,,,
"string","MEIKUI-14",,,,,,,
"string","MEIKUI-15",,,,,,,
"string","MEIKUI-16",,,,,,,
"string","MEIKUI-17",,,,,,,
"string","MEIKUI-18",,,,,,,
"string","MEIKUI-19",,,,,,,
"string","MEIKUI-20",,,,,,,
"string","MEIKUI-21",,,,,,,
"string","MEIKUI-22",,,,,,,
"string","MEIKUI-23",,,,,,,
"string","MEIKUI-24",,,,,,,
"string","MEIKUI-25",,,,,,,
"string","MEIKUI-26",,,,,,,
"string","MEIKUI-27",,,,,,,
"string","MEIKUI-28",,,,,,,
"string","MEIKUI-29",,,,,,,
"string","MEIKUI-30",,,,,,,
"string","MEIKUI-31",,,,,,,
"string","MEIKUI-32",,,,,,,
"string","MEIKUI-33",,,,,,,
"string","MEIKUI-34",,,,,,,
"string","MEIKUI-35",,,,,,,
"string","MEIKUI-36",,,,,,,
"string","MEIKUI-37",,,,,,,
"string","MEIKUI-38",,,,,,,
"string","MEIKUI-39",,,,,,,
"string","MEIKUI-40",,,,,,,
"string","MEIKUI-41",,,,,,,
"string","MEIKUI-42",,,,,,,
"string","MEIKUI-43",,,,,,,
"string","MEIKUI-44",,,,,,,
"string","MEIKUI-45",,,,,,,
"string","MEIKUI-46",,,,,,,
"string","MEIKUI-47",,,,,,,
"string","MEIKUI-48",,,,,,,
"string","MEIKUI-49",,,,,,,
"string","MEIKUI-50",,,,,,,
"string","MEIKUI-51",,,,,,,
"string","MEIKUI-52",,,,,,,
"string","MEIKUI-53",,,,,,,
"string","MEIKUI-54",,,,,,,
"string","MEIKUI-55",,,,,,,
"string","MEIKUI-56",,,,,,,
"string","MEIKUI-57",,,,,,,
"string","MEIKUI-58",,,,,,,
"string","MEIKUI-59",,,,,,,
"string","MEIKUI-60",,,,,,,
"string","MEIKUI-61",,,,,,,
"string","MEIKUI-62",,,,,,,
"string","MEIKUI-63",,,,,,,
"string","MEIKUI-64",,,,,,,
"string","MEIKUI-65",,,,,,,
"string","MEIKUI-66",,,,,,,
"string","MEIKUI-67",,,,,,,
"string","MEIKUI-68",,,,,,,
"string","MEIKUI-69",,,,,,,
"string","MEIKUI-70",,,,,,,
"string","MEIKUI-71",,,,,,,
"string","MEIKUI-72",,,,,,,
"string","MEIKUI-73",,,,,,,
"string","MEIKUI-74",,,,,,,
"string","MEIKUI-75",,,,,,,
"string","MEIKUI-76",,,,,,,
"string","MEIKUI-77",,,,,,,
"string","MEIKUI-78",,,,,,,
"string","MEIKUI-79",,,,,,,
"string","MEIKUI-80",,,,,,,
"string","MEIKUI-81",,,,,,,
"string","MEIKUI-82",,,,,,,
"string","MEIKUI-83",,,,,,,
"string","MEIKUI-84",,,,,,,
"string","MEIKUI-85",,,,,,,
"string","MEIKUI-86",,,,,,,
"string","MEIKUI-87",,,,,,,
"string","MEIKUI-88",,,,,,,
"string","MEIKUI-89",,,,,,,
"string","MEIKUI-90",,,,,,,
"string","MEIKUI-91",,,,,,,
"string","MEIKUI-92",,,,,,,
"string","MEIKUI-93",,,,,,,
"string","MEIKUI-94",,,,,,,
"string","MEIKUI-95",,,,,,,
"string","MEIKUI-96",,,,,,,
"string","MEIKUI-97",,,,,,,
"string","MEIKUI-98",,,,,,,
"string","MEIKUI-99",,,,,,,
"","","","","//==================================
// OPENING.STR
//==================================","","","",""
"string","OPENING-0",,,,,,,
"string","OPENING-1",,,,,,,
"string","OPENING-2",,,,,,,
"string","OPENING-3",,,,,,,
"string","OPENING-4",,,,,,,
"string","OPENING-5",,,,,,,
"string","OPENING-6",,,,,,,
"string","OPENING-7",,,,,,,
"string","OPENING-8",,,,,,,
"string","OPENING-9",,,,,,,
"string","OPENING-10",,,,,,,
"string","OPENING-11",,,,,,,
"string","OPENING-12",,,,,,,
"string","OPENING-13",,,,,,,
"string","OPENING-14",,,,,,,
"string","OPENING-15",,,,,,,
"string","OPENING-16",,,,,,,
"string","OPENING-17",,,,,,,
"string","OPENING-18",,,,,,,
"string","OPENING-19",,,,,,,
"string","OPENING-20",,,,,,,
"string","OPENING-21",,,,,,,
"string","OPENING-22",,,,,,,
"string","OPENING-23",,,,,,,
"string","OPENING-24",,,,,,,
"string","OPENING-25",,,,,,,
"string","OPENING-26",,,,,,,
"string","OPENING-27",,,,,,,
"string","OPENING-28",,,,,,,
"string","OPENING-29",,,,,,,
"string","OPENING-30",,,,,,,
"string","OPENING-31",,,,,,,
"string","OPENING-32",,,,,,,
"string","OPENING-33",,,,,,,
"string","OPENING-34",,,,,,,
"string","OPENING-35",,,,,,,
"string","OPENING-36",,,,,,,
"string","OPENING-37",,,,,,,
"string","OPENING-38",,,,,,,
"string","OPENING-39",,,,,,,
"string","OPENING-40",,,,,,,
"string","OPENING-41",,,,,,,
"string","OPENING-42",,,,,,,
"string","OPENING-43",,,,,,,
"string","OPENING-44",,,,,,,
"string","OPENING-45",,,,,,,
"string","OPENING-46",,,,,,,
"string","OPENING-47",,,,,,,
"string","OPENING-48",,,,,,,
"string","OPENING-49",,,,,,,
"string","OPENING-50",,,,,,,
"string","OPENING-51",,,,,,,
"string","OPENING-52",,,,,,,
"string","OPENING-53",,,,,,,
"string","OPENING-54",,,,,,,
"string","OPENING-55",,,,,,,
"string","OPENING-56",,,,,,,
"string","OPENING-57",,,,,,,
"string","OPENING-58",,,,,,,
"string","OPENING-59",,,,,,,
"string","OPENING-60",,,,,,,
"string","OPENING-61",,,,,,,
"string","OPENING-62",,,,,,,
"string","OPENING-63",,,,,,,
"string","OPENING-64",,,,,,,
"string","OPENING-65",,,,,,,
"string","OPENING-66",,,,,,,
"string","OPENING-67",,,,,,,
"string","OPENING-68",,,,,,,
"string","OPENING-69",,,,,,,
"string","OPENING-70",,,,,,,
"string","OPENING-71",,,,,,,
"string","OPENING-72",,,,,,,
"string","OPENING-73",,,,,,,
"string","OPENING-74",,,,,,,
"string","OPENING-75",,,,,,,
"string","OPENING-76",,,,,,,
"string","OPENING-77",,,,,,,
"string","OPENING-78",,,,,,,
"string","OPENING-79",,,,,,,
"string","OPENING-80",,,,,,,
"string","OPENING-81",,,,,,,
"string","OPENING-82",,,,,,,
"string","OPENING-83",,,,,,,
"string","OPENING-84",,,,,,,
"string","OPENING-85",,,,,,,
"string","OPENING-86",,,,,,,
"string","OPENING-87",,,,,,,
"string","OPENING-88",,,,,,,
"string","OPENING-89",,,,,,,
"string","OPENING-90",,,,,,,
"string","OPENING-91",,,,,,,
"string","OPENING-92",,,,,,,
"string","OPENING-93",,,,,,,
"string","OPENING-94",,,,,,,
"string","OPENING-95",,,,,,,
"string","OPENING-96",,,,,,,
"string","OPENING-97",,,,,,,
"string","OPENING-98",,,,,,,
"string","OPENING-99",,,,,,,
"","","","","//==================================
// PRINCESS.STR
//==================================","","","",""
"string","PRINCESS-0",,,,,,,
"string","PRINCESS-1",,,,,,,
"string","PRINCESS-2",,,,,,,
"string","PRINCESS-3",,,,,,,
"string","PRINCESS-4",,,,,,,
"string","PRINCESS-5",,,,,,,
"string","PRINCESS-6",,,,,,,
"string","PRINCESS-7",,,,,,,
"string","PRINCESS-8",,,,,,,
"string","PRINCESS-9",,,,,,,
"string","PRINCESS-10",,,,,,,
"string","PRINCESS-11",,,,,,,
"string","PRINCESS-12",,,,,,,
"string","PRINCESS-13",,,,,,,
"string","PRINCESS-14",,,,,,,
"string","PRINCESS-15",,,,,,,
"string","PRINCESS-16",,,,,,,
"string","PRINCESS-17",,,,,,,
"string","PRINCESS-18",,,,,,,
"string","PRINCESS-19",,,,,,,
"string","PRINCESS-20",,,,,,,
"string","PRINCESS-21",,,,,,,
"string","PRINCESS-22",,,,,,,
"string","PRINCESS-23",,,,,,,
"string","PRINCESS-24",,,,,,,
"string","PRINCESS-25",,,,,,,
"string","PRINCESS-26",,,,,,,
"string","PRINCESS-27",,,,,,,
"string","PRINCESS-28",,,,,,,
"string","PRINCESS-29",,,,,,,
"string","PRINCESS-30",,,,,,,
"string","PRINCESS-31",,,,,,,
"string","PRINCESS-32",,,,,,,
"string","PRINCESS-33",,,,,,,
"string","PRINCESS-34",,,,,,,
"string","PRINCESS-35",,,,,,,
"string","PRINCESS-36",,,,,,,
"string","PRINCESS-37",,,,,,,
"string","PRINCESS-38",,,,,,,
"string","PRINCESS-39",,,,,,,
"string","PRINCESS-40",,,,,,,
"string","PRINCESS-41",,,,,,,
"string","PRINCESS-42",,,,,,,
"string","PRINCESS-43",,,,,,,
"string","PRINCESS-44",,,,,,,
"string","PRINCESS-45",,,,,,,
"string","PRINCESS-46",,,,,,,
"string","PRINCESS-47",,,,,,,
"string","PRINCESS-48",,,,,,,
"string","PRINCESS-49",,,,,,,
"string","PRINCESS-50",,,,,,,
"string","PRINCESS-51",,,,,,,
"string","PRINCESS-52",,,,,,,
"string","PRINCESS-53",,,,,,,
"string","PRINCESS-54",,,,,,,
"string","PRINCESS-55",,,,,,,
"string","PRINCESS-56",,,,,,,
"string","PRINCESS-57",,,,,,,
"string","PRINCESS-58",,,,,,,
"string","PRINCESS-59",,,,,,,
"string","PRINCESS-60",,,,,,,
"string","PRINCESS-61",,,,,,,
"string","PRINCESS-62",,,,,,,
"string","PRINCESS-63",,,,,,,
"string","PRINCESS-64",,,,,,,
"string","PRINCESS-65",,,,,,,
"string","PRINCESS-66",,,,,,,
"string","PRINCESS-67",,,,,,,
"string","PRINCESS-68",,,,,,,
"string","PRINCESS-69",,,,,,,
"string","PRINCESS-70",,,,,,,
"string","PRINCESS-71",,,,,,,
"string","PRINCESS-72",,,,,,,
"string","PRINCESS-73",,,,,,,
"string","PRINCESS-74",,,,,,,
"string","PRINCESS-75",,,,,,,
"string","PRINCESS-76",,,,,,,
"string","PRINCESS-77",,,,,,,
"string","PRINCESS-78",,,,,,,
"string","PRINCESS-79",,,,,,,
"string","PRINCESS-80",,,,,,,
"string","PRINCESS-81",,,,,,,
"string","PRINCESS-82",,,,,,,
"string","PRINCESS-83",,,,,,,
"string","PRINCESS-84",,,,,,,
"string","PRINCESS-85",,,,,,,
"string","PRINCESS-86",,,,,,,
"string","PRINCESS-87",,,,,,,
"string","PRINCESS-88",,,,,,,
"string","PRINCESS-89",,,,,,,
"string","PRINCESS-90",,,,,,,
"string","PRINCESS-91",,,,,,,
"string","PRINCESS-92",,,,,,,
"string","PRINCESS-93",,,,,,,
"string","PRINCESS-94",,,,,,,
"string","PRINCESS-95",,,,,,,
"string","PRINCESS-96",,,,,,,
"string","PRINCESS-97",,,,,,,
"string","PRINCESS-98",,,,,,,
"string","PRINCESS-99",,,,,,,
"","","","","//==================================
// PROLOG.STR
//==================================","","","",""
"string","PROLOG-0",,,,,,,
"string","PROLOG-1",,,,,,,
"string","PROLOG-2",,,,,,,
"string","PROLOG-3",,,,,,,
"string","PROLOG-4",,,,,,,
"string","PROLOG-5",,,,,,,
"string","PROLOG-6",,,,,,,
"string","PROLOG-7",,,,,,,
"string","PROLOG-8",,,,,,,
"string","PROLOG-9",,,,,,,
"string","PROLOG-10",,,,,,,
"string","PROLOG-11",,,,,,,
"string","PROLOG-12",,,,,,,
"string","PROLOG-13",,,,,,,
"string","PROLOG-14",,,,,,,
"string","PROLOG-15",,,,,,,
"string","PROLOG-16",,,,,,,
"string","PROLOG-17",,,,,,,
"string","PROLOG-18",,,,,,,
"string","PROLOG-19",,,,,,,
"string","PROLOG-20",,,,,,,
"string","PROLOG-21",,,,,,,
"string","PROLOG-22",,,,,,,
"string","PROLOG-23",,,,,,,
"string","PROLOG-24",,,,,,,
"string","PROLOG-25",,,,,,,
"string","PROLOG-26",,,,,,,
"string","PROLOG-27",,,,,,,
"string","PROLOG-28",,,,,,,
"string","PROLOG-29",,,,,,,
"string","PROLOG-30",,,,,,,
"string","PROLOG-31",,,,,,,
"string","PROLOG-32",,,,,,,
"string","PROLOG-33",,,,,,,
"string","PROLOG-34",,,,,,,
"string","PROLOG-35",,,,,,,
"string","PROLOG-36",,,,,,,
"string","PROLOG-37",,,,,,,
"string","PROLOG-38",,,,,,,
"string","PROLOG-39",,,,,,,
"string","PROLOG-40",,,,,,,
"string","PROLOG-41",,,,,,,
"string","PROLOG-42",,,,,,,
"string","PROLOG-43",,,,,,,
"string","PROLOG-44",,,,,,,
"string","PROLOG-45",,,,,,,
"string","PROLOG-46",,,,,,,
"string","PROLOG-47",,,,,,,
"string","PROLOG-48",,,,,,,
"string","PROLOG-49",,,,,,,
"string","PROLOG-50",,,,,,,
"string","PROLOG-51",,,,,,,
"string","PROLOG-52",,,,,,,
"string","PROLOG-53",,,,,,,
"string","PROLOG-54",,,,,,,
"string","PROLOG-55",,,,,,,
"string","PROLOG-56",,,,,,,
"string","PROLOG-57",,,,,,,
"string","PROLOG-58",,,,,,,
"string","PROLOG-59",,,,,,,
"string","PROLOG-60",,,,,,,
"string","PROLOG-61",,,,,,,
"string","PROLOG-62",,,,,,,
"string","PROLOG-63",,,,,,,
"string","PROLOG-64",,,,,,,
"string","PROLOG-65",,,,,,,
"string","PROLOG-66",,,,,,,
"string","PROLOG-67",,,,,,,
"string","PROLOG-68",,,,,,,
"string","PROLOG-69",,,,,,,
"string","PROLOG-70",,,,,,,
"string","PROLOG-71",,,,,,,
"string","PROLOG-72",,,,,,,
"string","PROLOG-73",,,,,,,
"string","PROLOG-74",,,,,,,
"string","PROLOG-75",,,,,,,
"string","PROLOG-76",,,,,,,
"string","PROLOG-77",,,,,,,
"string","PROLOG-78",,,,,,,
"string","PROLOG-79",,,,,,,
"string","PROLOG-80",,,,,,,
"string","PROLOG-81",,,,,,,
"string","PROLOG-82",,,,,,,
"string","PROLOG-83",,,,,,,
"string","PROLOG-84",,,,,,,
"string","PROLOG-85",,,,,,,
"string","PROLOG-86",,,,,,,
"string","PROLOG-87",,,,,,,
"string","PROLOG-88",,,,,,,
"string","PROLOG-89",,,,,,,
"string","PROLOG-90",,,,,,,
"string","PROLOG-91",,,,,,,
"string","PROLOG-92",,,,,,,
"string","PROLOG-93",,,,,,,
"string","PROLOG-94",,,,,,,
"string","PROLOG-95",,,,,,,
"string","PROLOG-96",,,,,,,
"string","PROLOG-97",,,,,,,
"string","PROLOG-98",,,,,,,
"string","PROLOG-99",,,,,,,
"","","","","//==================================
// SANSIMAI.STR
//==================================","","","",""
"string","SANSIMAI-0",,,,,,,
"string","SANSIMAI-1",,,,,,,
"string","SANSIMAI-2",,,,,,,
"string","SANSIMAI-3",,,,,,,
"string","SANSIMAI-4",,,,,,,
"string","SANSIMAI-5",,,,,,,
"string","SANSIMAI-6",,,,,,,
"string","SANSIMAI-7",,,,,,,
"string","SANSIMAI-8",,,,,,,
"string","SANSIMAI-9",,,,,,,
"string","SANSIMAI-10",,,,,,,
"string","SANSIMAI-11",,,,,,,
"string","SANSIMAI-12",,,,,,,
"string","SANSIMAI-13",,,,,,,
"string","SANSIMAI-14",,,,,,,
"string","SANSIMAI-15",,,,,,,
"string","SANSIMAI-16",,,,,,,
"string","SANSIMAI-17",,,,,,,
"string","SANSIMAI-18",,,,,,,
"string","SANSIMAI-19",,,,,,,
"string","SANSIMAI-20",,,,,,,
"string","SANSIMAI-21",,,,,,,
"string","SANSIMAI-22",,,,,,,
"string","SANSIMAI-23",,,,,,,
"string","SANSIMAI-24",,,,,,,
"string","SANSIMAI-25",,,,,,,
"string","SANSIMAI-26",,,,,,,
"string","SANSIMAI-27",,,,,,,
"string","SANSIMAI-28",,,,,,,
"string","SANSIMAI-29",,,,,,,
"string","SANSIMAI-30",,,,,,,
"string","SANSIMAI-31",,,,,,,
"string","SANSIMAI-32",,,,,,,
"string","SANSIMAI-33",,,,,,,
"string","SANSIMAI-34",,,,,,,
"string","SANSIMAI-35",,,,,,,
"string","SANSIMAI-36",,,,,,,
"string","SANSIMAI-37",,,,,,,
"string","SANSIMAI-38",,,,,,,
"string","SANSIMAI-39",,,,,,,
"string","SANSIMAI-40",,,,,,,
"string","SANSIMAI-41",,,,,,,
"string","SANSIMAI-42",,,,,,,
"string","SANSIMAI-43",,,,,,,
"string","SANSIMAI-44",,,,,,,
"string","SANSIMAI-45",,,,,,,
"string","SANSIMAI-46",,,,,,,
"string","SANSIMAI-47",,,,,,,
"string","SANSIMAI-48",,,,,,,
"string","SANSIMAI-49",,,,,,,
"string","SANSIMAI-50",,,,,,,
"string","SANSIMAI-51",,,,,,,
"string","SANSIMAI-52",,,,,,,
"string","SANSIMAI-53",,,,,,,
"string","SANSIMAI-54",,,,,,,
"string","SANSIMAI-55",,,,,,,
"string","SANSIMAI-56",,,,,,,
"string","SANSIMAI-57",,,,,,,
"string","SANSIMAI-58",,,,,,,
"string","SANSIMAI-59",,,,,,,
"string","SANSIMAI-60",,,,,,,
"string","SANSIMAI-61",,,,,,,
"string","SANSIMAI-62",,,,,,,
"string","SANSIMAI-63",,,,,,,
"string","SANSIMAI-64",,,,,,,
"string","SANSIMAI-65",,,,,,,
"string","SANSIMAI-66",,,,,,,
"string","SANSIMAI-67",,,,,,,
"string","SANSIMAI-68",,,,,,,
"string","SANSIMAI-69",,,,,,,
"string","SANSIMAI-70",,,,,,,
"string","SANSIMAI-71",,,,,,,
"string","SANSIMAI-72",,,,,,,
"string","SANSIMAI-73",,,,,,,
"string","SANSIMAI-74",,,,,,,
"string","SANSIMAI-75",,,,,,,
"string","SANSIMAI-76",,,,,,,
"string","SANSIMAI-77",,,,,,,
"string","SANSIMAI-78",,,,,,,
"string","SANSIMAI-79",,,,,,,
"string","SANSIMAI-80",,,,,,,
"string","SANSIMAI-81",,,,,,,
"string","SANSIMAI-82",,,,,,,
"string","SANSIMAI-83",,,,,,,
"string","SANSIMAI-84",,,,,,,
"string","SANSIMAI-85",,,,,,,
"string","SANSIMAI-86",,,,,,,
"string","SANSIMAI-87",,,,,,,
"string","SANSIMAI-88",,,,,,,
"string","SANSIMAI-89",,,,,,,
"string","SANSIMAI-90",,,,,,,
"string","SANSIMAI-91",,,,,,,
"string","SANSIMAI-92",,,,,,,
"string","SANSIMAI-93",,,,,,,
"string","SANSIMAI-94",,,,,,,
"string","SANSIMAI-95",,,,,,,
"string","SANSIMAI-96",,,,,,,
"string","SANSIMAI-97",,,,,,,
"string","SANSIMAI-98",,,,,,,
"string","SANSIMAI-99",,,,,,,
"","","","","//==================================
// SIRO.STR
//==================================","","","",""
"string","SIRO-0",,,,,,,
"string","SIRO-1",,,,,,,
"string","SIRO-2",,,,,,,
"string","SIRO-3",,,,,,,
"string","SIRO-4",,,,,,,
"string","SIRO-5",,,,,,,
"string","SIRO-6",,,,,,,
"string","SIRO-7",,,,,,,
"string","SIRO-8",,,,,,,
"string","SIRO-9",,,,,,,
"string","SIRO-10",,,,,,,
"string","SIRO-11",,,,,,,
"string","SIRO-12",,,,,,,
"string","SIRO-13",,,,,,,
"string","SIRO-14",,,,,,,
"string","SIRO-15",,,,,,,
"string","SIRO-16",,,,,,,
"string","SIRO-17",,,,,,,
"string","SIRO-18",,,,,,,
"string","SIRO-19",,,,,,,
"string","SIRO-20",,,,,,,
"string","SIRO-21",,,,,,,
"string","SIRO-22",,,,,,,
"string","SIRO-23",,,,,,,
"string","SIRO-24",,,,,,,
"string","SIRO-25",,,,,,,
"string","SIRO-26",,,,,,,
"string","SIRO-27",,,,,,,
"string","SIRO-28",,,,,,,
"string","SIRO-29",,,,,,,
"string","SIRO-30",,,,,,,
"string","SIRO-31",,,,,,,
"string","SIRO-32",,,,,,,
"string","SIRO-33",,,,,,,
"string","SIRO-34",,,,,,,
"string","SIRO-35",,,,,,,
"string","SIRO-36",,,,,,,
"string","SIRO-37",,,,,,,
"string","SIRO-38",,,,,,,
"string","SIRO-39",,,,,,,
"string","SIRO-40",,,,,,,
"string","SIRO-41",,,,,,,
"string","SIRO-42",,,,,,,
"string","SIRO-43",,,,,,,
"string","SIRO-44",,,,,,,
"string","SIRO-45",,,,,,,
"string","SIRO-46",,,,,,,
"string","SIRO-47",,,,,,,
"string","SIRO-48",,,,,,,
"string","SIRO-49",,,,,,,
"string","SIRO-50",,,,,,,
"string","SIRO-51",,,,,,,
"string","SIRO-52",,,,,,,
"string","SIRO-53",,,,,,,
"string","SIRO-54",,,,,,,
"string","SIRO-55",,,,,,,
"string","SIRO-56",,,,,,,
"string","SIRO-57",,,,,,,
"string","SIRO-58",,,,,,,
"string","SIRO-59",,,,,,,
"string","SIRO-60",,,,,,,
"string","SIRO-61",,,,,,,
"string","SIRO-62",,,,,,,
"string","SIRO-63",,,,,,,
"string","SIRO-64",,,,,,,
"string","SIRO-65",,,,,,,
"string","SIRO-66",,,,,,,
"string","SIRO-67",,,,,,,
"string","SIRO-68",,,,,,,
"string","SIRO-69",,,,,,,
"string","SIRO-70",,,,,,,
"string","SIRO-71",,,,,,,
"string","SIRO-72",,,,,,,
"string","SIRO-73",,,,,,,
"string","SIRO-74",,,,,,,
"string","SIRO-75",,,,,,,
"string","SIRO-76",,,,,,,
"string","SIRO-77",,,,,,,
"string","SIRO-78",,,,,,,
"string","SIRO-79",,,,,,,
"string","SIRO-80",,,,,,,
"string","SIRO-81",,,,,,,
"string","SIRO-82",,,,,,,
"string","SIRO-83",,,,,,,
"string","SIRO-84",,,,,,,
"string","SIRO-85",,,,,,,
"string","SIRO-86",,,,,,,
"string","SIRO-87",,,,,,,
"string","SIRO-88",,,,,,,
"string","SIRO-89",,,,,,,
"string","SIRO-90",,,,,,,
"string","SIRO-91",,,,,,,
"string","SIRO-92",,,,,,,
"string","SIRO-93",,,,,,,
"string","SIRO-94",,,,,,,
"string","SIRO-95",,,,,,,
"string","SIRO-96",,,,,,,
"string","SIRO-97",,,,,,,
"string","SIRO-98",,,,,,,
"string","SIRO-99",,,,,,,
"","","","","//==================================
// TENKA.STR
//==================================","","","",""
"string","TENKA-0",,,,,,,
"string","TENKA-1",,,,,,,
"string","TENKA-2",,,,,,,
"string","TENKA-3",,,,,,,
"string","TENKA-4",,,,,,,
"string","TENKA-5",,,,,,,
"string","TENKA-6",,,,,,,
"string","TENKA-7",,,,,,,
"string","TENKA-8",,,,,,,
"string","TENKA-9",,,,,,,
"string","TENKA-10",,,,,,,
"string","TENKA-11",,,,,,,
"string","TENKA-12",,,,,,,
"string","TENKA-13",,,,,,,
"string","TENKA-14",,,,,,,
"string","TENKA-15",,,,,,,
"string","TENKA-16",,,,,,,
"string","TENKA-17",,,,,,,
"string","TENKA-18",,,,,,,
"string","TENKA-19",,,,,,,
"string","TENKA-20",,,,,,,
"string","TENKA-21",,,,,,,
"string","TENKA-22",,,,,,,
"string","TENKA-23",,,,,,,
"string","TENKA-24",,,,,,,
"string","TENKA-25",,,,,,,
"string","TENKA-26",,,,,,,
"string","TENKA-27",,,,,,,
"string","TENKA-28",,,,,,,
"string","TENKA-29",,,,,,,
"string","TENKA-30",,,,,,,
"string","TENKA-31",,,,,,,
"string","TENKA-32",,,,,,,
"string","TENKA-33",,,,,,,
"string","TENKA-34",,,,,,,
"string","TENKA-35",,,,,,,
"string","TENKA-36",,,,,,,
"string","TENKA-37",,,,,,,
"string","TENKA-38",,,,,,,
"string","TENKA-39",,,,,,,
"string","TENKA-40",,,,,,,
"string","TENKA-41",,,,,,,
"string","TENKA-42",,,,,,,
"string","TENKA-43",,,,,,,
"string","TENKA-44",,,,,,,
"string","TENKA-45",,,,,,,
"string","TENKA-46",,,,,,,
"string","TENKA-47",,,,,,,
"string","TENKA-48",,,,,,,
"string","TENKA-49",,,,,,,
"string","TENKA-50",,,,,,,
"string","TENKA-51",,,,,,,
"string","TENKA-52",,,,,,,
"string","TENKA-53",,,,,,,
"string","TENKA-54",,,,,,,
"string","TENKA-55",,,,,,,
"string","TENKA-56",,,,,,,
"string","TENKA-57",,,,,,,
"string","TENKA-58",,,,,,,
"string","TENKA-59",,,,,,,
"string","TENKA-60",,,,,,,
"string","TENKA-61",,,,,,,
"string","TENKA-62",,,,,,,
"string","TENKA-63",,,,,,,
"string","TENKA-64",,,,,,,
"string","TENKA-65",,,,,,,
"string","TENKA-66",,,,,,,
"string","TENKA-67",,,,,,,
"string","TENKA-68",,,,,,,
"string","TENKA-69",,,,,,,
"string","TENKA-70",,,,,,,
"string","TENKA-71",,,,,,,
"string","TENKA-72",,,,,,,
"string","TENKA-73",,,,,,,
"string","TENKA-74",,,,,,,
"string","TENKA-75",,,,,,,
"string","TENKA-76",,,,,,,
"string","TENKA-77",,,,,,,
"string","TENKA-78",,,,,,,
"string","TENKA-79",,,,,,,
"string","TENKA-80",,,,,,,
"string","TENKA-81",,,,,,,
"string","TENKA-82",,,,,,,
"string","TENKA-83",,,,,,,
"string","TENKA-84",,,,,,,
"string","TENKA-85",,,,,,,
"string","TENKA-86",,,,,,,
"string","TENKA-87",,,,,,,
"string","TENKA-88",,,,,,,
"string","TENKA-89",,,,,,,
"string","TENKA-90",,,,,,,
"string","TENKA-91",,,,,,,
"string","TENKA-92",,,,,,,
"string","TENKA-93",,,,,,,
"string","TENKA-94",,,,,,,
"string","TENKA-95",,,,,,,
"string","TENKA-96",,,,,,,
"string","TENKA-97",,,,,,,
"string","TENKA-98",,,,,,,
"string","TENKA-99",,,,,,,
"","","","","//==================================
// TENSEI.STR
//==================================","","","",""
"string","TENSEI-0",,,,,,,
"string","TENSEI-1",,,,,,,
"string","TENSEI-2",,,,,,,
"string","TENSEI-3",,,,,,,
"string","TENSEI-4",,,,,,,
"string","TENSEI-5",,,,,,,
"string","TENSEI-6",,,,,,,
"string","TENSEI-7",,,,,,,
"string","TENSEI-8",,,,,,,
"string","TENSEI-9",,,,,,,
"string","TENSEI-10",,,,,,,
"string","TENSEI-11",,,,,,,
"string","TENSEI-12",,,,,,,
"string","TENSEI-13",,,,,,,
"string","TENSEI-14",,,,,,,
"string","TENSEI-15",,,,,,,
"string","TENSEI-16",,,,,,,
"string","TENSEI-17",,,,,,,
"string","TENSEI-18",,,,,,,
"string","TENSEI-19",,,,,,,
"string","TENSEI-20",,,,,,,
"string","TENSEI-21",,,,,,,
"string","TENSEI-22",,,,,,,
"string","TENSEI-23",,,,,,,
"string","TENSEI-24",,,,,,,
"string","TENSEI-25",,,,,,,
"string","TENSEI-26",,,,,,,
"string","TENSEI-27",,,,,,,
"string","TENSEI-28",,,,,,,
"string","TENSEI-29",,,,,,,
"string","TENSEI-30",,,,,,,
"string","TENSEI-31",,,,,,,
"string","TENSEI-32",,,,,,,
"string","TENSEI-33",,,,,,,
"string","TENSEI-34",,,,,,,
"string","TENSEI-35",,,,,,,
"string","TENSEI-36",,,,,,,
"string","TENSEI-37",,,,,,,
"string","TENSEI-38",,,,,,,
"string","TENSEI-39",,,,,,,
"string","TENSEI-40",,,,,,,
"string","TENSEI-41",,,,,,,
"string","TENSEI-42",,,,,,,
"string","TENSEI-43",,,,,,,
"string","TENSEI-44",,,,,,,
"string","TENSEI-45",,,,,,,
"string","TENSEI-46",,,,,,,
"string","TENSEI-47",,,,,,,
"string","TENSEI-48",,,,,,,
"string","TENSEI-49",,,,,,,
"string","TENSEI-50",,,,,,,
"string","TENSEI-51",,,,,,,
"string","TENSEI-52",,,,,,,
"string","TENSEI-53",,,,,,,
"string","TENSEI-54",,,,,,,
"string","TENSEI-55",,,,,,,
"string","TENSEI-56",,,,,,,
"string","TENSEI-57",,,,,,,
"string","TENSEI-58",,,,,,,
"string","TENSEI-59",,,,,,,
"string","TENSEI-60",,,,,,,
"string","TENSEI-61",,,,,,,
"string","TENSEI-62",,,,,,,
"string","TENSEI-63",,,,,,,
"string","TENSEI-64",,,,,,,
"string","TENSEI-65",,,,,,,
"string","TENSEI-66",,,,,,,
"string","TENSEI-67",,,,,,,
"string","TENSEI-68",,,,,,,
"string","TENSEI-69",,,,,,,
"string","TENSEI-70",,,,,,,
"string","TENSEI-71",,,,,,,
"string","TENSEI-72",,,,,,,
"string","TENSEI-73",,,,,,,
"string","TENSEI-74",,,,,,,
"string","TENSEI-75",,,,,,,
"string","TENSEI-76",,,,,,,
"string","TENSEI-77",,,,,,,
"string","TENSEI-78",,,,,,,
"string","TENSEI-79",,,,,,,
"string","TENSEI-80",,,,,,,
"string","TENSEI-81",,,,,,,
"string","TENSEI-82",,,,,,,
"string","TENSEI-83",,,,,,,
"string","TENSEI-84",,,,,,,
"string","TENSEI-85",,,,,,,
"string","TENSEI-86",,,,,,,
"string","TENSEI-87",,,,,,,
"string","TENSEI-88",,,,,,,
"string","TENSEI-89",,,,,,,
"string","TENSEI-90",,,,,,,
"string","TENSEI-91",,,,,,,
"string","TENSEI-92",,,,,,,
"string","TENSEI-93",,,,,,,
"string","TENSEI-94",,,,,,,
"string","TENSEI-95",,,,,,,
"string","TENSEI-96",,,,,,,
"string","TENSEI-97",,,,,,,
"string","TENSEI-98",,,,,,,
"string","TENSEI-99",,,,,,,
"","","","","//==================================
// YELLINE.STR
//==================================","","","",""
"string","YELLINE-0",,,,,,,
"string","YELLINE-1",,,,,,,
"string","YELLINE-2",,,,,,,
"string","YELLINE-3",,,,,,,
"string","YELLINE-4",,,,,,,
"string","YELLINE-5",,,,,,,
"string","YELLINE-6",,,,,,,
"string","YELLINE-7",,,,,,,
"string","YELLINE-8",,,,,,,
"string","YELLINE-9",,,,,,,
"string","YELLINE-10",,,,,,,
"string","YELLINE-11",,,,,,,
"string","YELLINE-12",,,,,,,
"string","YELLINE-13",,,,,,,
"string","YELLINE-14",,,,,,,
"string","YELLINE-15",,,,,,,
"string","YELLINE-16",,,,,,,
"string","YELLINE-17",,,,,,,
"string","YELLINE-18",,,,,,,
"string","YELLINE-19",,,,,,,
"string","YELLINE-20",,,,,,,
"string","YELLINE-21",,,,,,,
"string","YELLINE-22",,,,,,,
"string","YELLINE-23",,,,,,,
"string","YELLINE-24",,,,,,,
"string","YELLINE-25",,,,,,,
"string","YELLINE-26",,,,,,,
"string","YELLINE-27",,,,,,,
"string","YELLINE-28",,,,,,,
"string","YELLINE-29",,,,,,,
"string","YELLINE-30",,,,,,,
"string","YELLINE-31",,,,,,,
"string","YELLINE-32",,,,,,,
"string","YELLINE-33",,,,,,,
"string","YELLINE-34",,,,,,,
"string","YELLINE-35",,,,,,,
"string","YELLINE-36",,,,,,,
"string","YELLINE-37",,,,,,,
"string","YELLINE-38",,,,,,,
"string","YELLINE-39",,,,,,,
"string","YELLINE-40",,,,,,,
"string","YELLINE-41",,,,,,,
"string","YELLINE-42",,,,,,,
"string","YELLINE-43",,,,,,,
"string","YELLINE-44",,,,,,,
"string","YELLINE-45",,,,,,,
"string","YELLINE-46",,,,,,,
"string","YELLINE-47",,,,,,,
"string","YELLINE-48",,,,,,,
"string","YELLINE-49",,,,,,,
"string","YELLINE-50",,,,,,,
"string","YELLINE-51",,,,,,,
"string","YELLINE-52",,,,,,,
"string","YELLINE-53",,,,,,,
"string","YELLINE-54",,,,,,,
"string","YELLINE-55",,,,,,,
"string","YELLINE-56",,,,,,,
"string","YELLINE-57",,,,,,,
"string","YELLINE-58",,,,,,,
"string","YELLINE-59",,,,,,,
"string","YELLINE-60",,,,,,,
"string","YELLINE-61",,,,,,,
"string","YELLINE-62",,,,,,,
"string","YELLINE-63",,,,,,,
"string","YELLINE-64",,,,,,,
"string","YELLINE-65",,,,,,,
"string","YELLINE-66",,,,,,,
"string","YELLINE-67",,,,,,,
"string","YELLINE-68",,,,,,,
"string","YELLINE-69",,,,,,,
"string","YELLINE-70",,,,,,,
"string","YELLINE-71",,,,,,,
"string","YELLINE-72",,,,,,,
"string","YELLINE-73",,,,,,,
"string","YELLINE-74",,,,,,,
"string","YELLINE-75",,,,,,,
"string","YELLINE-76",,,,,,,
"string","YELLINE-77",,,,,,,
"string","YELLINE-78",,,,,,,
"string","YELLINE-79",,,,,,,
"string","YELLINE-80",,,,,,,
"string","YELLINE-81",,,,,,,
"string","YELLINE-82",,,,,,,
"string","YELLINE-83",,,,,,,
"string","YELLINE-84",,,,,,,
"string","YELLINE-85",,,,,,,
"string","YELLINE-86",,,,,,,
"string","YELLINE-87",,,,,,,
"string","YELLINE-88",,,,,,,
"string","YELLINE-89",,,,,,,
"string","YELLINE-90",,,,,,,
"string","YELLINE-91",,,,,,,
"string","YELLINE-92",,,,,,,
"string","YELLINE-93",,,,,,,
"string","YELLINE-94",,,,,,,
"string","YELLINE-95",,,,,,,
"string","YELLINE-96",,,,,,,
"string","YELLINE-97",,,,,,,
"string","YELLINE-98",,,,,,,
"string","YELLINE-99",,,,,,,
